time,vibration,label,prediction,anomaly_score,predicted_label,severity,action,timestamp
3.9007801560312063,-0.8125926449377061,normal,-1,-0.021835549700617,anomaly,LOW,"🟢 LOG & MONITOR: Continue monitoring, review in next routine check",2026-06-09 19:23:55
4.960992198439688,-0.8128781544438902,normal,-1,-0.0239531502203516,anomaly,LOW,"🟢 LOG & MONITOR: Continue monitoring, review in next routine check",2026-06-09 19:23:55
7.901580316063213,-0.8042039580005087,normal,-1,-0.015301931373046,anomaly,LOW,"🟢 LOG & MONITOR: Continue monitoring, review in next routine check",2026-06-09 19:23:55
9.341868373674735,-0.8672699072661537,normal,-1,-0.0581419894771347,anomaly,MODERATE,🟡 SCHEDULE MAINTENANCE: Flag for inspection within 24 hours,2026-06-09 19:23:55
10.862172434486896,-0.9649422023067652,normal,-1,-0.1038928899692692,anomaly,MODERATE,🟡 SCHEDULE MAINTENANCE: Flag for inspection within 24 hours,2026-06-09 19:23:55
11.40228045609122,-0.9724855563618212,normal,-1,-0.107829594762106,anomaly,MODERATE,🟡 SCHEDULE MAINTENANCE: Flag for inspection within 24 hours,2026-06-09 19:23:55
12.38247649529906,-0.8339331378074518,normal,-1,-0.0378441807389932,anomaly,LOW,"🟢 LOG & MONITOR: Continue monitoring, review in next routine check",2026-06-09 19:23:55
12.82256451290258,-0.8896315739925755,normal,-1,-0.0831568625367145,anomaly,MODERATE,🟡 SCHEDULE MAINTENANCE: Flag for inspection within 24 hours,2026-06-09 19:23:55
17.903580716143228,-0.9395902823752406,normal,-1,-0.0915652389281168,anomaly,MODERATE,🟡 SCHEDULE MAINTENANCE: Flag for inspection within 24 hours,2026-06-09 19:23:55
18.42368473694739,-0.8122521957015288,normal,-1,-0.0205684237015643,anomaly,LOW,"🟢 LOG & MONITOR: Continue monitoring, review in next routine check",2026-06-09 19:23:55
20.36407281456292,-1.032078306525974,normal,-1,-0.1175147057563814,anomaly,MODERATE,🟡 SCHEDULE MAINTENANCE: Flag for inspection within 24 hours,2026-06-09 19:23:55
21.4242848569714,-0.8304114178458478,normal,-1,-0.035147861768439,anomaly,LOW,"🟢 LOG & MONITOR: Continue monitoring, review in next routine check",2026-06-09 19:23:55
21.904380876175235,-0.796655618539909,normal,-1,-0.0122801485318003,anomaly,LOW,"🟢 LOG & MONITOR: Continue monitoring, review in next routine check",2026-06-09 19:23:55
23.36467293458692,-0.7795636830226059,normal,-1,-0.0048903066138938,anomaly,LOW,"🟢 LOG & MONITOR: Continue monitoring, review in next routine check",2026-06-09 19:23:55
25.88517703540708,-0.8731056243947286,normal,-1,-0.064967439785314,anomaly,MODERATE,🟡 SCHEDULE MAINTENANCE: Flag for inspection within 24 hours,2026-06-09 19:23:55
26.565313062612525,4.338235656668996,crack,-1,-0.2237869235640134,anomaly,CRITICAL,"🔴 IMMEDIATE ACTION: Slow down trains, dispatch maintenance crew now",2026-06-09 19:23:55
29.86597319463893,-0.8612787132337181,normal,-1,-0.0554632189440361,anomaly,MODERATE,🟡 SCHEDULE MAINTENANCE: Flag for inspection within 24 hours,2026-06-09 19:23:55
29.88597719543909,-0.9087479734727656,normal,-1,-0.0859482844117931,anomaly,MODERATE,🟡 SCHEDULE MAINTENANCE: Flag for inspection within 24 hours,2026-06-09 19:23:55
30.46609321864373,1.1538206752006892,misalignment,-1,-0.0220618239109572,anomaly,LOW,"🟢 LOG & MONITOR: Continue monitoring, review in next routine check",2026-06-09 19:23:55
30.48609721944389,1.5716621705127194,misalignment,-1,-0.0865671949909864,anomaly,MODERATE,🟡 SCHEDULE MAINTENANCE: Flag for inspection within 24 hours,2026-06-09 19:23:55
30.50610122024405,2.2902937393845084,misalignment,-1,-0.1557047457364264,anomaly,CRITICAL,"🔴 IMMEDIATE ACTION: Slow down trains, dispatch maintenance crew now",2026-06-09 19:23:55
30.52610522104421,2.223726616938057,misalignment,-1,-0.149569148557546,anomaly,MODERATE,🟡 SCHEDULE MAINTENANCE: Flag for inspection within 24 hours,2026-06-09 19:23:55
30.54610922184437,2.1809035529227123,misalignment,-1,-0.1465199801635305,anomaly,MODERATE,🟡 SCHEDULE MAINTENANCE: Flag for inspection within 24 hours,2026-06-09 19:23:55
30.56611322264453,2.5299606581072625,misalignment,-1,-0.1728367711206245,anomaly,CRITICAL,"🔴 IMMEDIATE ACTION: Slow down trains, dispatch maintenance crew now",2026-06-09 19:23:55
30.58611722344469,2.4546787519898614,misalignment,-1,-0.1696933388589283,anomaly,CRITICAL,"🔴 IMMEDIATE ACTION: Slow down trains, dispatch maintenance crew now",2026-06-09 19:23:55
30.60612122424485,2.4955269582299806,misalignment,-1,-0.1707397320641961,anomaly,CRITICAL,"🔴 IMMEDIATE ACTION: Slow down trains, dispatch maintenance crew now",2026-06-09 19:23:55
30.62612522504501,1.9779919188831432,misalignment,-1,-0.1186501131651686,anomaly,MODERATE,🟡 SCHEDULE MAINTENANCE: Flag for inspection within 24 hours,2026-06-09 19:23:55
30.64612922584517,1.4922900219495046,misalignment,-1,-0.0766874445570794,anomaly,MODERATE,🟡 SCHEDULE MAINTENANCE: Flag for inspection within 24 hours,2026-06-09 19:23:55
30.66613322664533,1.639223136801689,misalignment,-1,-0.0921891949186699,anomaly,MODERATE,🟡 SCHEDULE MAINTENANCE: Flag for inspection within 24 hours,2026-06-09 19:23:55
30.86617323464693,-0.9896783195267478,normal,-1,-0.1126557682878399,anomaly,MODERATE,🟡 SCHEDULE MAINTENANCE: Flag for inspection within 24 hours,2026-06-09 19:23:55
31.42628525705141,-0.8190398159008466,normal,-1,-0.0274957492455336,anomaly,LOW,"🟢 LOG & MONITOR: Continue monitoring, review in next routine check",2026-06-09 19:23:55
33.42668533706742,-0.7806701862589007,normal,-1,-0.0053017850170328,anomaly,LOW,"🟢 LOG & MONITOR: Continue monitoring, review in next routine check",2026-06-09 19:23:55
35.407081416283255,-0.7897992507966467,normal,-1,-0.0143653690444116,anomaly,LOW,"🟢 LOG & MONITOR: Continue monitoring, review in next routine check",2026-06-09 19:23:55
36.32726545309062,-0.9353037916503816,normal,-1,-0.0906259100253874,anomaly,MODERATE,🟡 SCHEDULE MAINTENANCE: Flag for inspection within 24 hours,2026-06-09 19:23:55
36.34726945389078,-0.8163516831499951,normal,-1,-0.0256523960666452,anomaly,LOW,"🟢 LOG & MONITOR: Continue monitoring, review in next routine check",2026-06-09 19:23:55
37.3874774954991,-0.8587759142264474,normal,-1,-0.0550178134797446,anomaly,MODERATE,🟡 SCHEDULE MAINTENANCE: Flag for inspection within 24 hours,2026-06-09 19:23:55
37.90758151630326,-0.8354868690955147,normal,-1,-0.0387120385047931,anomaly,LOW,"🟢 LOG & MONITOR: Continue monitoring, review in next routine check",2026-06-09 19:23:55
38.84776955391079,-0.9198541784512316,normal,-1,-0.0892192977867315,anomaly,MODERATE,🟡 SCHEDULE MAINTENANCE: Flag for inspection within 24 hours,2026-06-09 19:23:55
39.34786957391479,1.0874178785174258,loose_fastener,-1,-0.0098417532907165,anomaly,LOW,"🟢 LOG & MONITOR: Continue monitoring, review in next routine check",2026-06-09 19:23:55
39.90798159631927,1.4541195158616196,misalignment,-1,-0.0683245711798913,anomaly,MODERATE,🟡 SCHEDULE MAINTENANCE: Flag for inspection within 24 hours,2026-06-09 19:23:55
39.927985597119424,1.4045720236637165,misalignment,-1,-0.0606369880166233,anomaly,MODERATE,🟡 SCHEDULE MAINTENANCE: Flag for inspection within 24 hours,2026-06-09 19:23:55
39.94798959791959,1.3672468748269806,misalignment,-1,-0.053803525889578,anomaly,MODERATE,🟡 SCHEDULE MAINTENANCE: Flag for inspection within 24 hours,2026-06-09 19:23:55
39.967993598719744,1.857202446654312,misalignment,-1,-0.1041485579413926,anomaly,MODERATE,🟡 SCHEDULE MAINTENANCE: Flag for inspection within 24 hours,2026-06-09 19:23:55
39.98799759951991,2.035298852451453,misalignment,-1,-0.130961630859172,anomaly,MODERATE,🟡 SCHEDULE MAINTENANCE: Flag for inspection within 24 hours,2026-06-09 19:23:55
40.008001600320064,2.240185732140837,misalignment,-1,-0.1500785478074414,anomaly,CRITICAL,"🔴 IMMEDIATE ACTION: Slow down trains, dispatch maintenance crew now",2026-06-09 19:23:55
40.02800560112023,2.1180590078182866,misalignment,-1,-0.1424736295247854,anomaly,MODERATE,🟡 SCHEDULE MAINTENANCE: Flag for inspection within 24 hours,2026-06-09 19:23:55
40.048009601920384,1.9693435214102588,misalignment,-1,-0.1196273893213704,anomaly,MODERATE,🟡 SCHEDULE MAINTENANCE: Flag for inspection within 24 hours,2026-06-09 19:23:55
40.06801360272055,1.939910709389692,misalignment,-1,-0.1147542059721313,anomaly,MODERATE,🟡 SCHEDULE MAINTENANCE: Flag for inspection within 24 hours,2026-06-09 19:23:55
40.088017603520704,1.7853465212743287,misalignment,-1,-0.0997565520064389,anomaly,MODERATE,🟡 SCHEDULE MAINTENANCE: Flag for inspection within 24 hours,2026-06-09 19:23:55
40.10802160432087,1.107013678219852,misalignment,-1,-0.0133489921841791,anomaly,LOW,"🟢 LOG & MONITOR: Continue monitoring, review in next routine check",2026-06-09 19:23:55
40.128025605121024,1.0633269747986722,misalignment,-1,-0.0032665401552802,anomaly,LOW,"🟢 LOG & MONITOR: Continue monitoring, review in next routine check",2026-06-09 19:23:55
41.64832966593319,1.026692596826795,normal,-1,-0.0007644929635732,anomaly,LOW,"🟢 LOG & MONITOR: Continue monitoring, review in next routine check",2026-06-09 19:23:55
43.34866973394679,1.115194653303562,loose_fastener,-1,-0.0116829985803479,anomaly,LOW,"🟢 LOG & MONITOR: Continue monitoring, review in next routine check",2026-06-09 19:23:55
43.86877375475096,-0.9182723742674332,normal,-1,-0.0873482505390711,anomaly,MODERATE,🟡 SCHEDULE MAINTENANCE: Flag for inspection within 24 hours,2026-06-09 19:23:55
44.3488697739548,1.161609397322318,loose_fastener,-1,-0.0213040871490887,anomaly,LOW,"🟢 LOG & MONITOR: Continue monitoring, review in next routine check",2026-06-09 19:23:55
44.40888177635527,-0.8992925488995964,normal,-1,-0.084086077687526,anomaly,MODERATE,🟡 SCHEDULE MAINTENANCE: Flag for inspection within 24 hours,2026-06-09 19:23:55
45.34906981396279,1.0330152365525578,loose_fastener,-1,-0.0035820739016139,anomaly,LOW,"🟢 LOG & MONITOR: Continue monitoring, review in next routine check",2026-06-09 19:23:55
46.3492698539708,1.273039251758374,loose_fastener,-1,-0.0362865750130613,anomaly,LOW,"🟢 LOG & MONITOR: Continue monitoring, review in next routine check",2026-06-09 19:23:55
47.3494698939788,1.049196793661262,loose_fastener,-1,-0.0019424772150866,anomaly,LOW,"🟢 LOG & MONITOR: Continue monitoring, review in next routine check",2026-06-09 19:23:55
48.28965793158632,1.124926455176485,misalignment,-1,-0.0112672041956701,anomaly,LOW,"🟢 LOG & MONITOR: Continue monitoring, review in next routine check",2026-06-09 19:23:55
48.30966193238648,1.3554735565277929,misalignment,-1,-0.053359242971102,anomaly,MODERATE,🟡 SCHEDULE MAINTENANCE: Flag for inspection within 24 hours,2026-06-09 19:23:55
48.32966593318664,1.0686184670320755,misalignment,-1,-0.0032665401552802,anomaly,LOW,"🟢 LOG & MONITOR: Continue monitoring, review in next routine check",2026-06-09 19:23:55
48.3496699339868,3.0146807733542005,loose_fastener,-1,-0.206077196331918,anomaly,CRITICAL,"🔴 IMMEDIATE ACTION: Slow down trains, dispatch maintenance crew now",2026-06-09 19:23:55
48.36967393478696,1.6319472455796409,misalignment,-1,-0.0912490222667695,anomaly,MODERATE,🟡 SCHEDULE MAINTENANCE: Flag for inspection within 24 hours,2026-06-09 19:23:55
48.38967793558712,1.4621643608740138,misalignment,-1,-0.0687789828607385,anomaly,MODERATE,🟡 SCHEDULE MAINTENANCE: Flag for inspection within 24 hours,2026-06-09 19:23:55
48.40968193638728,1.255115451781307,misalignment,-1,-0.0332554754079625,anomaly,LOW,"🟢 LOG & MONITOR: Continue monitoring, review in next routine check",2026-06-09 19:23:55
48.42968593718744,1.9994708179808545,misalignment,-1,-0.1225671648708672,anomaly,MODERATE,🟡 SCHEDULE MAINTENANCE: Flag for inspection within 24 hours,2026-06-09 19:23:55
48.4496899379876,1.8303737048426447,misalignment,-1,-0.1036702237837987,anomaly,MODERATE,🟡 SCHEDULE MAINTENANCE: Flag for inspection within 24 hours,2026-06-09 19:23:55
48.46969393878776,1.1046240499777695,misalignment,-1,-0.0133489921841791,anomaly,LOW,"🟢 LOG & MONITOR: Continue monitoring, review in next routine check",2026-06-09 19:23:55
48.48969793958792,1.2498980261920771,misalignment,-1,-0.0319651932212413,anomaly,LOW,"🟢 LOG & MONITOR: Continue monitoring, review in next routine check",2026-06-09 19:23:55
48.50970194038808,1.1464827318282165,misalignment,-1,-0.0198631950871297,anomaly,LOW,"🟢 LOG & MONITOR: Continue monitoring, review in next routine check",2026-06-09 19:23:55
48.52970594118824,1.1983741742128378,misalignment,-1,-0.0212164815227996,anomaly,LOW,"🟢 LOG & MONITOR: Continue monitoring, review in next routine check",2026-06-09 19:23:55
48.88977795559112,-0.8774700062063502,normal,-1,-0.0676848712923166,anomaly,MODERATE,🟡 SCHEDULE MAINTENANCE: Flag for inspection within 24 hours,2026-06-09 19:23:55
49.30986197239448,-0.8249131316242874,normal,-1,-0.0336111164282311,anomaly,LOW,"🟢 LOG & MONITOR: Continue monitoring, review in next routine check",2026-06-09 19:23:55
49.3498699739948,1.0695192597539245,loose_fastener,-1,-0.0040875767327965,anomaly,LOW,"🟢 LOG & MONITOR: Continue monitoring, review in next routine check",2026-06-09 19:23:55
49.82996599319864,-0.7974601318907252,normal,-1,-0.0131133903334959,anomaly,LOW,"🟢 LOG & MONITOR: Continue monitoring, review in next routine check",2026-06-09 19:23:55
50.3500700140028,1.276995323096433,loose_fastener,-1,-0.0368608771212377,anomaly,LOW,"🟢 LOG & MONITOR: Continue monitoring, review in next routine check",2026-06-09 19:23:55
51.35027005401081,1.3519523793558543,loose_fastener,-1,-0.0511423317270968,anomaly,MODERATE,🟡 SCHEDULE MAINTENANCE: Flag for inspection within 24 hours,2026-06-09 19:23:55
51.37027405481096,-0.802681081127088,misalignment,-1,-0.0157204565226118,anomaly,LOW,"🟢 LOG & MONITOR: Continue monitoring, review in next routine check",2026-06-09 19:23:55
51.47029405881177,1.2449468787942886,misalignment,-1,-0.0315356808224635,anomaly,LOW,"🟢 LOG & MONITOR: Continue monitoring, review in next routine check",2026-06-09 19:23:55
51.49029805961192,1.6154228517610227,misalignment,-1,-0.0907794128066457,anomaly,MODERATE,🟡 SCHEDULE MAINTENANCE: Flag for inspection within 24 hours,2026-06-09 19:23:55
51.51030206041209,1.5289512336981228,misalignment,-1,-0.0847033155455083,anomaly,MODERATE,🟡 SCHEDULE MAINTENANCE: Flag for inspection within 24 hours,2026-06-09 19:23:55
51.53030606121224,2.1174044181531526,misalignment,-1,-0.1424736295247854,anomaly,MODERATE,🟡 SCHEDULE MAINTENANCE: Flag for inspection within 24 hours,2026-06-09 19:23:55
51.55031006201241,2.4991484546769325,misalignment,-1,-0.1707397320641961,anomaly,CRITICAL,"🔴 IMMEDIATE ACTION: Slow down trains, dispatch maintenance crew now",2026-06-09 19:23:55
51.57031406281256,2.260367409568807,misalignment,-1,-0.1521195948330764,anomaly,CRITICAL,"🔴 IMMEDIATE ACTION: Slow down trains, dispatch maintenance crew now",2026-06-09 19:23:55
51.59031806361273,2.5003318175726865,misalignment,-1,-0.1707397320641961,anomaly,CRITICAL,"🔴 IMMEDIATE ACTION: Slow down trains, dispatch maintenance crew now",2026-06-09 19:23:55
51.61032206441288,2.561946866496296,misalignment,-1,-0.1796914761010287,anomaly,CRITICAL,"🔴 IMMEDIATE ACTION: Slow down trains, dispatch maintenance crew now",2026-06-09 19:23:55
51.63032606521305,1.9750510227681848,misalignment,-1,-0.1186501131651686,anomaly,MODERATE,🟡 SCHEDULE MAINTENANCE: Flag for inspection within 24 hours,2026-06-09 19:23:55
51.6503300660132,2.0921852538404098,misalignment,-1,-0.1399557597567556,anomaly,MODERATE,🟡 SCHEDULE MAINTENANCE: Flag for inspection within 24 hours,2026-06-09 19:23:55
51.67033406681337,1.5771055217062977,misalignment,-1,-0.0879684186333433,anomaly,MODERATE,🟡 SCHEDULE MAINTENANCE: Flag for inspection within 24 hours,2026-06-09 19:23:55
52.3504700940188,1.0386008089749938,loose_fastener,-1,-0.0019424772150866,anomaly,LOW,"🟢 LOG & MONITOR: Continue monitoring, review in next routine check",2026-06-09 19:23:55
53.35067013402681,1.1132701899100046,loose_fastener,-1,-0.0129320709922621,anomaly,LOW,"🟢 LOG & MONITOR: Continue monitoring, review in next routine check",2026-06-09 19:23:55
53.37067413482697,-0.8380428936062667,normal,-1,-0.0398883996030131,anomaly,LOW,"🟢 LOG & MONITOR: Continue monitoring, review in next routine check",2026-06-09 19:23:55
53.81076215243049,-0.8544701370656629,normal,-1,-0.0519083989219839,anomaly,MODERATE,🟡 SCHEDULE MAINTENANCE: Flag for inspection within 24 hours,2026-06-09 19:23:55
55.351070214042814,1.3668497806669164,loose_fastener,-1,-0.053803525889578,anomaly,MODERATE,🟡 SCHEDULE MAINTENANCE: Flag for inspection within 24 hours,2026-06-09 19:23:55
55.37107421484297,-0.9020653656893158,normal,-1,-0.0836213129385626,anomaly,MODERATE,🟡 SCHEDULE MAINTENANCE: Flag for inspection within 24 hours,2026-06-09 19:23:55
56.35127025405081,1.1337354899881018,loose_fastener,-1,-0.0133489921841791,anomaly,LOW,"🟢 LOG & MONITOR: Continue monitoring, review in next routine check",2026-06-09 19:23:55
56.39127825565113,-0.8073949982948392,normal,-1,-0.0179044636983699,anomaly,LOW,"🟢 LOG & MONITOR: Continue monitoring, review in next routine check",2026-06-09 19:23:55
56.411282256451294,-0.7934894941997588,normal,-1,-0.0122801485318003,anomaly,LOW,"🟢 LOG & MONITOR: Continue monitoring, review in next routine check",2026-06-09 19:23:55
56.891378275655136,4.106710505257186,crack,-1,-0.2237869235640134,anomaly,CRITICAL,"🔴 IMMEDIATE ACTION: Slow down trains, dispatch maintenance crew now",2026-06-09 19:23:55
57.13142628525706,1.0994563234225423,normal,-1,-0.0146881269433338,anomaly,LOW,"🟢 LOG & MONITOR: Continue monitoring, review in next routine check",2026-06-09 19:23:55
57.351470294058814,1.1538044907572833,loose_fastener,-1,-0.0220618239109572,anomaly,LOW,"🟢 LOG & MONITOR: Continue monitoring, review in next routine check",2026-06-09 19:23:55
57.551510302060414,1.7558404378696468,loose_fastener,-1,-0.0973829470322067,anomaly,MODERATE,🟡 SCHEDULE MAINTENANCE: Flag for inspection within 24 hours,2026-06-09 19:23:55
58.371674334866974,-0.8625225472653653,normal,-1,-0.0554632189440361,anomaly,MODERATE,🟡 SCHEDULE MAINTENANCE: Flag for inspection within 24 hours,2026-06-09 19:23:55
58.55171034206842,1.8039993717146656,loose_fastener,-1,-0.1002322373312856,anomaly,MODERATE,🟡 SCHEDULE MAINTENANCE: Flag for inspection within 24 hours,2026-06-09 19:23:55
58.83176635327066,-0.9871595666010636,normal,-1,-0.1126557682878399,anomaly,MODERATE,🟡 SCHEDULE MAINTENANCE: Flag for inspection within 24 hours,2026-06-09 19:23:55
59.37187437487498,-0.980074136162371,normal,-1,-0.1092740197799521,anomaly,MODERATE,🟡 SCHEDULE MAINTENANCE: Flag for inspection within 24 hours,2026-06-09 19:23:55
59.55191038207642,1.7551605642816228,loose_fastener,-1,-0.0978570258650064,anomaly,MODERATE,🟡 SCHEDULE MAINTENANCE: Flag for inspection within 24 hours,2026-06-09 19:23:55
60.032006401280256,1.646883790924463,misalignment,-1,-0.0917189495657383,anomaly,MODERATE,🟡 SCHEDULE MAINTENANCE: Flag for inspection within 24 hours,2026-06-09 19:23:55
60.05201040208042,2.000522704115834,misalignment,-1,-0.1225671648708672,anomaly,MODERATE,🟡 SCHEDULE MAINTENANCE: Flag for inspection within 24 hours,2026-06-09 19:23:55
60.072014402880576,1.994648903664844,misalignment,-1,-0.120605988796056,anomaly,MODERATE,🟡 SCHEDULE MAINTENANCE: Flag for inspection within 24 hours,2026-06-09 19:23:55
60.09201840368074,2.1460842050790165,misalignment,-1,-0.1434831648324568,anomaly,MODERATE,🟡 SCHEDULE MAINTENANCE: Flag for inspection within 24 hours,2026-06-09 19:23:55
60.112022404480896,2.460271042841851,misalignment,-1,-0.1696933388589283,anomaly,CRITICAL,"🔴 IMMEDIATE ACTION: Slow down trains, dispatch maintenance crew now",2026-06-09 19:23:55
60.13202640528106,2.699545976968582,misalignment,-1,-0.1844724834454133,anomaly,CRITICAL,"🔴 IMMEDIATE ACTION: Slow down trains, dispatch maintenance crew now",2026-06-09 19:23:55
60.15203040608122,2.4558182089756926,misalignment,-1,-0.1691706729983441,anomaly,CRITICAL,"🔴 IMMEDIATE ACTION: Slow down trains, dispatch maintenance crew now",2026-06-09 19:23:55
60.17203440688138,2.622208784103136,misalignment,-1,-0.1844724834454133,anomaly,CRITICAL,"🔴 IMMEDIATE ACTION: Slow down trains, dispatch maintenance crew now",2026-06-09 19:23:55
60.19203840768154,1.8521368534064984,misalignment,-1,-0.1041485579413926,anomaly,MODERATE,🟡 SCHEDULE MAINTENANCE: Flag for inspection within 24 hours,2026-06-09 19:23:55
60.2120424084817,1.6214032169196342,misalignment,-1,-0.0917189495657383,anomaly,MODERATE,🟡 SCHEDULE MAINTENANCE: Flag for inspection within 24 hours,2026-06-09 19:23:55
60.23204640928186,1.4359218199289008,misalignment,-1,-0.0692337020943416,anomaly,MODERATE,🟡 SCHEDULE MAINTENANCE: Flag for inspection within 24 hours,2026-06-09 19:23:55
60.25205041008202,1.3505242443223953,misalignment,-1,-0.0511423317270968,anomaly,MODERATE,🟡 SCHEDULE MAINTENANCE: Flag for inspection within 24 hours,2026-06-09 19:23:55
60.33206641328266,1.298955756075687,misalignment,-1,-0.0433884958599577,anomaly,LOW,"🟢 LOG & MONITOR: Continue monitoring, review in next routine check",2026-06-09 19:23:55
60.39207841568314,-0.8712036765982252,normal,-1,-0.0640640779560888,anomaly,MODERATE,🟡 SCHEDULE MAINTENANCE: Flag for inspection within 24 hours,2026-06-09 19:23:55
60.43208641728346,-0.8029729104108705,normal,-1,-0.0157204565226118,anomaly,LOW,"🟢 LOG & MONITOR: Continue monitoring, review in next routine check",2026-06-09 19:23:55
60.55211042208442,1.7872905195956694,loose_fastener,-1,-0.0997565520064389,anomaly,MODERATE,🟡 SCHEDULE MAINTENANCE: Flag for inspection within 24 hours,2026-06-09 19:23:55
60.83216643328666,-0.7912685926938687,normal,-1,-0.0139477604184006,anomaly,LOW,"🟢 LOG & MONITOR: Continue monitoring, review in next routine check",2026-06-09 19:23:55
60.9121824364873,-0.8139849100748091,normal,-1,-0.0248021983003433,anomaly,LOW,"🟢 LOG & MONITOR: Continue monitoring, review in next routine check",2026-06-09 19:23:55
61.33226645329066,1.173514735957915,loose_fastener,-1,-0.0244070317493015,anomaly,LOW,"🟢 LOG & MONITOR: Continue monitoring, review in next routine check",2026-06-09 19:23:55
61.55231046209242,1.9329305394265708,loose_fastener,-1,-0.1142686986051386,anomaly,MODERATE,🟡 SCHEDULE MAINTENANCE: Flag for inspection within 24 hours,2026-06-09 19:23:55
62.33246649329866,1.0470831412532582,loose_fastener,-1,-0.0003073118442411,anomaly,LOW,"🟢 LOG & MONITOR: Continue monitoring, review in next routine check",2026-06-09 19:23:55
62.4124824964993,-0.7898441295110876,normal,-1,-0.0143653690444116,anomaly,LOW,"🟢 LOG & MONITOR: Continue monitoring, review in next routine check",2026-06-09 19:23:55
62.552510502100425,1.7252857686056309,loose_fastener,-1,-0.0959626335470608,anomaly,MODERATE,🟡 SCHEDULE MAINTENANCE: Flag for inspection within 24 hours,2026-06-09 19:23:55
62.8125625125025,-0.8785125975532159,normal,-1,-0.0676848712923166,anomaly,MODERATE,🟡 SCHEDULE MAINTENANCE: Flag for inspection within 24 hours,2026-06-09 19:23:55
63.412682536507305,-0.8103947652016719,normal,-1,-0.0174844613792096,anomaly,LOW,"🟢 LOG & MONITOR: Continue monitoring, review in next routine check",2026-06-09 19:23:55
63.55271054210842,1.7604684311394003,loose_fastener,-1,-0.0973829470322067,anomaly,MODERATE,🟡 SCHEDULE MAINTENANCE: Flag for inspection within 24 hours,2026-06-09 19:23:55
63.63272654530906,1.030209270581525,normal,-1,-0.0023769000667305,anomaly,LOW,"🟢 LOG & MONITOR: Continue monitoring, review in next routine check",2026-06-09 19:23:55
63.892778555711146,-0.8255470803268374,normal,-1,-0.0336111164282311,anomaly,LOW,"🟢 LOG & MONITOR: Continue monitoring, review in next routine check",2026-06-09 19:23:55
63.9127825565113,-0.9210128425118156,normal,-1,-0.0892192977867315,anomaly,MODERATE,🟡 SCHEDULE MAINTENANCE: Flag for inspection within 24 hours,2026-06-09 19:23:55
64.33286657331466,1.350363430704515,loose_fastener,-1,-0.0511423317270968,anomaly,MODERATE,🟡 SCHEDULE MAINTENANCE: Flag for inspection within 24 hours,2026-06-09 19:23:55
64.35287057411483,1.2365462261018667,loose_fastener,-1,-0.0323949963205612,anomaly,LOW,"🟢 LOG & MONITOR: Continue monitoring, review in next routine check",2026-06-09 19:23:55
64.39287857571514,-0.8118438193978257,normal,-1,-0.0209905132934586,anomaly,LOW,"🟢 LOG & MONITOR: Continue monitoring, review in next routine check",2026-06-09 19:23:55
64.55291058211643,1.7004129816697495,loose_fastener,-1,-0.0969091888461726,anomaly,MODERATE,🟡 SCHEDULE MAINTENANCE: Flag for inspection within 24 hours,2026-06-09 19:23:55
65.41308261652331,-0.9749241570402388,normal,-1,-0.107829594762106,anomaly,MODERATE,🟡 SCHEDULE MAINTENANCE: Flag for inspection within 24 hours,2026-06-09 19:23:55
65.55311062212442,1.750996354237612,loose_fastener,-1,-0.0988061463391245,anomaly,MODERATE,🟡 SCHEDULE MAINTENANCE: Flag for inspection within 24 hours,2026-06-09 19:23:55
66.55331066213243,1.6037030990920438,loose_fastener,-1,-0.0917189495657383,anomaly,MODERATE,🟡 SCHEDULE MAINTENANCE: Flag for inspection within 24 hours,2026-06-09 19:23:55
67.33346669333866,1.180709304567769,loose_fastener,-1,-0.0230468290785894,anomaly,LOW,"🟢 LOG & MONITOR: Continue monitoring, review in next routine check",2026-06-09 19:23:55
67.35347069413884,1.1253155815680933,loose_fastener,-1,-0.0112672041956701,anomaly,LOW,"🟢 LOG & MONITOR: Continue monitoring, review in next routine check",2026-06-09 19:23:55
67.55351070214043,1.7678743790768778,loose_fastener,-1,-0.0983314255615906,anomaly,MODERATE,🟡 SCHEDULE MAINTENANCE: Flag for inspection within 24 hours,2026-06-09 19:23:55
68.33366673334667,1.25096194882346,loose_fastener,-1,-0.0319651932212413,anomaly,LOW,"🟢 LOG & MONITOR: Continue monitoring, review in next routine check",2026-06-09 19:23:55
68.55371074214844,1.827903328641024,loose_fastener,-1,-0.1017601202148427,anomaly,MODERATE,🟡 SCHEDULE MAINTENANCE: Flag for inspection within 24 hours,2026-06-09 19:23:55
69.35387077415483,1.0926777970269257,loose_fastener,-1,-0.0109392825769579,anomaly,LOW,"🟢 LOG & MONITOR: Continue monitoring, review in next routine check",2026-06-09 19:23:55
69.55391078215644,1.812110786218057,loose_fastener,-1,-0.1011845740521284,anomaly,MODERATE,🟡 SCHEDULE MAINTENANCE: Flag for inspection within 24 hours,2026-06-09 19:23:55
70.55411082216443,1.818182389954092,loose_fastener,-1,-0.1011845740521284,anomaly,MODERATE,🟡 SCHEDULE MAINTENANCE: Flag for inspection within 24 hours,2026-06-09 19:23:55
71.33426685337068,1.1652568317690604,loose_fastener,-1,-0.0244070317493015,anomaly,LOW,"🟢 LOG & MONITOR: Continue monitoring, review in next routine check",2026-06-09 19:23:55
71.55431086217244,1.9600916685340524,loose_fastener,-1,-0.1176741585379833,anomaly,MODERATE,🟡 SCHEDULE MAINTENANCE: Flag for inspection within 24 hours,2026-06-09 19:23:55
71.83436687337468,-0.813382755520524,normal,-1,-0.0248021983003433,anomaly,LOW,"🟢 LOG & MONITOR: Continue monitoring, review in next routine check",2026-06-09 19:23:55
72.33446689337867,1.1953774398062142,loose_fastener,-1,-0.0212164815227996,anomaly,LOW,"🟢 LOG & MONITOR: Continue monitoring, review in next routine check",2026-06-09 19:23:55
72.35447089417885,1.1144019435357215,loose_fastener,-1,-0.0125154317881128,anomaly,LOW,"🟢 LOG & MONITOR: Continue monitoring, review in next routine check",2026-06-09 19:23:55
72.55451090218044,1.5823265246442109,loose_fastener,-1,-0.0870339535578512,anomaly,MODERATE,🟡 SCHEDULE MAINTENANCE: Flag for inspection within 24 hours,2026-06-09 19:23:55
73.33466693338669,1.1881741606402418,loose_fastener,-1,-0.0220618239109572,anomaly,LOW,"🟢 LOG & MONITOR: Continue monitoring, review in next routine check",2026-06-09 19:23:55
73.35467093418684,1.1190258099102277,loose_fastener,-1,-0.0120990743810065,anomaly,LOW,"🟢 LOG & MONITOR: Continue monitoring, review in next routine check",2026-06-09 19:23:55
73.55471094218844,1.634650592446257,loose_fastener,-1,-0.0912490222667695,anomaly,MODERATE,🟡 SCHEDULE MAINTENANCE: Flag for inspection within 24 hours,2026-06-09 19:23:55
73.89477895579117,-0.8137511910149107,normal,-1,-0.0248021983003433,anomaly,LOW,"🟢 LOG & MONITOR: Continue monitoring, review in next routine check",2026-06-09 19:23:55
74.55491098219645,1.8412143739745648,loose_fastener,-1,-0.1036702237837987,anomaly,MODERATE,🟡 SCHEDULE MAINTENANCE: Flag for inspection within 24 hours,2026-06-09 19:23:55
75.33506701340268,1.1939623932638916,loose_fastener,-1,-0.0212164815227996,anomaly,LOW,"🟢 LOG & MONITOR: Continue monitoring, review in next routine check",2026-06-09 19:23:55
75.55511102220444,2.0810328815813004,loose_fastener,-1,-0.1399557597567556,anomaly,MODERATE,🟡 SCHEDULE MAINTENANCE: Flag for inspection within 24 hours,2026-06-09 19:23:55
76.33526705341069,1.1520813349404708,loose_fastener,-1,-0.0207942390956027,anomaly,LOW,"🟢 LOG & MONITOR: Continue monitoring, review in next routine check",2026-06-09 19:23:55
76.35527105421085,1.330090480103734,loose_fastener,-1,-0.048309091012032,anomaly,LOW,"🟢 LOG & MONITOR: Continue monitoring, review in next routine check",2026-06-09 19:23:55
76.55531106221244,1.73705278200837,loose_fastener,-1,-0.0964357510900323,anomaly,MODERATE,🟡 SCHEDULE MAINTENANCE: Flag for inspection within 24 hours,2026-06-09 19:23:55
76.85537107421484,-0.8163606419100263,normal,-1,-0.0256523960666452,anomaly,LOW,"🟢 LOG & MONITOR: Continue monitoring, review in next routine check",2026-06-09 19:23:55
77.35547109421884,1.0795160295372648,loose_fastener,-1,-0.0044985118361093,anomaly,LOW,"🟢 LOG & MONITOR: Continue monitoring, review in next routine check",2026-06-09 19:23:55
77.55551110222045,1.998909555053637,loose_fastener,-1,-0.1225671648708672,anomaly,MODERATE,🟡 SCHEDULE MAINTENANCE: Flag for inspection within 24 hours,2026-06-09 19:23:55
78.33566713342668,1.288334850818586,loose_fastener,-1,-0.0368608771212377,anomaly,LOW,"🟢 LOG & MONITOR: Continue monitoring, review in next routine check",2026-06-09 19:23:55
78.55571114222845,1.6588969052125428,loose_fastener,-1,-0.0912490222667695,anomaly,MODERATE,🟡 SCHEDULE MAINTENANCE: Flag for inspection within 24 hours,2026-06-09 19:23:55
79.33586717343469,1.341958802802134,loose_fastener,-1,-0.0510505395269441,anomaly,MODERATE,🟡 SCHEDULE MAINTENANCE: Flag for inspection within 24 hours,2026-06-09 19:23:55
79.45589117823565,-0.8527296941014431,normal,-1,-0.0505802941952107,anomaly,MODERATE,🟡 SCHEDULE MAINTENANCE: Flag for inspection within 24 hours,2026-06-09 19:23:55
79.55591118223646,1.8255452838472543,loose_fastener,-1,-0.1017601202148427,anomaly,MODERATE,🟡 SCHEDULE MAINTENANCE: Flag for inspection within 24 hours,2026-06-09 19:23:55
79.85597119423885,-0.7881845766332186,normal,-1,-0.0098709570042757,anomaly,LOW,"🟢 LOG & MONITOR: Continue monitoring, review in next routine check",2026-06-09 19:23:55
80.33606721344269,1.1341746374243895,loose_fastener,-1,-0.0133489921841791,anomaly,LOW,"🟢 LOG & MONITOR: Continue monitoring, review in next routine check",2026-06-09 19:23:55
80.35607121424285,1.412734459757134,loose_fastener,-1,-0.0668691673671766,anomaly,MODERATE,🟡 SCHEDULE MAINTENANCE: Flag for inspection within 24 hours,2026-06-09 19:23:55
80.37607521504302,-0.8005334903185868,normal,-1,-0.014465730100305,anomaly,LOW,"🟢 LOG & MONITOR: Continue monitoring, review in next routine check",2026-06-09 19:23:55
80.55611122224445,2.029824398324604,loose_fastener,-1,-0.1269992652526846,anomaly,MODERATE,🟡 SCHEDULE MAINTENANCE: Flag for inspection within 24 hours,2026-06-09 19:23:55
81.3362672534507,1.5051035369670558,loose_fastener,-1,-0.0828444735816764,anomaly,MODERATE,🟡 SCHEDULE MAINTENANCE: Flag for inspection within 24 hours,2026-06-09 19:23:55
81.35627125425086,1.3383182371263684,loose_fastener,-1,-0.0506081186113928,anomaly,MODERATE,🟡 SCHEDULE MAINTENANCE: Flag for inspection within 24 hours,2026-06-09 19:23:55
81.55631126225245,1.4448409603318209,loose_fastener,-1,-0.0678704668437844,anomaly,MODERATE,🟡 SCHEDULE MAINTENANCE: Flag for inspection within 24 hours,2026-06-09 19:23:55
82.3364672934587,1.0611709530463416,loose_fastener,-1,-0.0032665401552802,anomaly,LOW,"🟢 LOG & MONITOR: Continue monitoring, review in next routine check",2026-06-09 19:23:55
82.55651130226046,1.895082295333912,loose_fastener,-1,-0.1094316490479656,anomaly,MODERATE,🟡 SCHEDULE MAINTENANCE: Flag for inspection within 24 hours,2026-06-09 19:23:55
82.8365673134627,-0.9207937486202198,normal,-1,-0.0892192977867315,anomaly,MODERATE,🟡 SCHEDULE MAINTENANCE: Flag for inspection within 24 hours,2026-06-09 19:23:55
83.55671134226846,1.776400091892001,loose_fastener,-1,-0.0978570258650064,anomaly,MODERATE,🟡 SCHEDULE MAINTENANCE: Flag for inspection within 24 hours,2026-06-09 19:23:55
84.3368673734747,2.593723879225869,loose_fastener,-1,-0.1839398215998081,anomaly,CRITICAL,"🔴 IMMEDIATE ACTION: Slow down trains, dispatch maintenance crew now",2026-06-09 19:23:55
84.35687137427486,2.5657118659528786,loose_fastener,-1,-0.1796914761010287,anomaly,CRITICAL,"🔴 IMMEDIATE ACTION: Slow down trains, dispatch maintenance crew now",2026-06-09 19:23:55
84.37687537507502,1.2974022512562509,misalignment,-1,-0.0438260304247228,anomaly,LOW,"🟢 LOG & MONITOR: Continue monitoring, review in next routine check",2026-06-09 19:23:55
84.39687937587517,1.4683970523686385,misalignment,-1,-0.0725607759066342,anomaly,MODERATE,🟡 SCHEDULE MAINTENANCE: Flag for inspection within 24 hours,2026-06-09 19:23:55
84.41688337667534,1.7727622889740149,misalignment,-1,-0.0983314255615906,anomaly,MODERATE,🟡 SCHEDULE MAINTENANCE: Flag for inspection within 24 hours,2026-06-09 19:23:55
84.4368873774755,1.469758308805059,misalignment,-1,-0.0734756430175332,anomaly,MODERATE,🟡 SCHEDULE MAINTENANCE: Flag for inspection within 24 hours,2026-06-09 19:23:55
84.45689137827566,1.5776892460847316,misalignment,-1,-0.0879684186333433,anomaly,MODERATE,🟡 SCHEDULE MAINTENANCE: Flag for inspection within 24 hours,2026-06-09 19:23:55
84.47689537907581,1.528186252549928,misalignment,-1,-0.0847033155455083,anomaly,MODERATE,🟡 SCHEDULE MAINTENANCE: Flag for inspection within 24 hours,2026-06-09 19:23:55
84.49689937987598,1.4284720564586904,misalignment,-1,-0.0677763275359429,anomaly,MODERATE,🟡 SCHEDULE MAINTENANCE: Flag for inspection within 24 hours,2026-06-09 19:23:55
84.51690338067614,1.6056455738436182,misalignment,-1,-0.0912490222667695,anomaly,MODERATE,🟡 SCHEDULE MAINTENANCE: Flag for inspection within 24 hours,2026-06-09 19:23:55
84.5369073814763,1.861054802025936,misalignment,-1,-0.1046272158428396,anomaly,MODERATE,🟡 SCHEDULE MAINTENANCE: Flag for inspection within 24 hours,2026-06-09 19:23:55
84.55691138227645,2.598211931014326,loose_fastener,-1,-0.1844724834454133,anomaly,CRITICAL,"🔴 IMMEDIATE ACTION: Slow down trains, dispatch maintenance crew now",2026-06-09 19:23:55
85.3370674134827,1.092830643230429,loose_fastener,-1,-0.0109392825769579,anomaly,LOW,"🟢 LOG & MONITOR: Continue monitoring, review in next routine check",2026-06-09 19:23:55
85.35707141428286,1.1057812682406911,loose_fastener,-1,-0.0133489921841791,anomaly,LOW,"🟢 LOG & MONITOR: Continue monitoring, review in next routine check",2026-06-09 19:23:55
85.55711142228446,1.7326483486310686,loose_fastener,-1,-0.0959626335470608,anomaly,MODERATE,🟡 SCHEDULE MAINTENANCE: Flag for inspection within 24 hours,2026-06-09 19:23:55
86.3372674534907,1.193586073936327,loose_fastener,-1,-0.0212164815227996,anomaly,LOW,"🟢 LOG & MONITOR: Continue monitoring, review in next routine check",2026-06-09 19:23:55
86.55731146229246,1.6748814497653663,loose_fastener,-1,-0.0954898360006794,anomaly,MODERATE,🟡 SCHEDULE MAINTENANCE: Flag for inspection within 24 hours,2026-06-09 19:23:55
86.79735947189438,-0.9376523338511226,normal,-1,-0.0915652389281168,anomaly,MODERATE,🟡 SCHEDULE MAINTENANCE: Flag for inspection within 24 hours,2026-06-09 19:23:55
87.3374674934987,1.0953478572756397,loose_fastener,-1,-0.0130185140781887,anomaly,LOW,"🟢 LOG & MONITOR: Continue monitoring, review in next routine check",2026-06-09 19:23:55
87.35747149429886,1.1474357745216983,loose_fastener,-1,-0.019441867965339,anomaly,LOW,"🟢 LOG & MONITOR: Continue monitoring, review in next routine check",2026-06-09 19:23:55
87.55751150230046,1.723515112705821,loose_fastener,-1,-0.0945452000321049,anomaly,MODERATE,🟡 SCHEDULE MAINTENANCE: Flag for inspection within 24 hours,2026-06-09 19:23:55
88.55771154230847,3.3064845497516773,loose_fastener,-1,-0.2204370775006827,anomaly,CRITICAL,"🔴 IMMEDIATE ACTION: Slow down trains, dispatch maintenance crew now",2026-06-09 19:23:55
89.55791158231646,3.353677725157508,loose_fastener,-1,-0.2204370775006827,anomaly,CRITICAL,"🔴 IMMEDIATE ACTION: Slow down trains, dispatch maintenance crew now",2026-06-09 19:23:55
89.89797959591918,-0.8422794662615727,normal,-1,-0.0411947803213048,anomaly,LOW,"🟢 LOG & MONITOR: Continue monitoring, review in next routine check",2026-06-09 19:23:55
90.35807161432288,1.243338400203379,loose_fastener,-1,-0.0328250903171737,anomaly,LOW,"🟢 LOG & MONITOR: Continue monitoring, review in next routine check",2026-06-09 19:23:55
90.55811162232447,3.1450936656547483,loose_fastener,-1,-0.2176559083357978,anomaly,CRITICAL,"🔴 IMMEDIATE ACTION: Slow down trains, dispatch maintenance crew now",2026-06-09 19:23:55
90.97819563912785,1.378462013592575,loose_fastener,-1,-0.054248109505509,anomaly,MODERATE,🟡 SCHEDULE MAINTENANCE: Flag for inspection within 24 hours,2026-06-09 19:23:55
91.37827565513103,-0.911844362844306,normal,-1,-0.0868812793950913,anomaly,MODERATE,🟡 SCHEDULE MAINTENANCE: Flag for inspection within 24 hours,2026-06-09 19:23:55
91.55831166233249,2.921499082276097,loose_fastener,-1,-0.2000774955968148,anomaly,CRITICAL,"🔴 IMMEDIATE ACTION: Slow down trains, dispatch maintenance crew now",2026-06-09 19:23:55
91.97839567913584,1.3286199140964536,loose_fastener,-1,-0.048309091012032,anomaly,LOW,"🟢 LOG & MONITOR: Continue monitoring, review in next routine check",2026-06-09 19:23:55
92.11842368473695,1.1303773175828329,normal,-1,-0.0125154317881128,anomaly,LOW,"🟢 LOG & MONITOR: Continue monitoring, review in next routine check",2026-06-09 19:23:55
92.55851170234048,3.374475742788179,loose_fastener,-1,-0.2204370775006827,anomaly,CRITICAL,"🔴 IMMEDIATE ACTION: Slow down trains, dispatch maintenance crew now",2026-06-09 19:23:55
92.85857171434289,-0.983893108419493,normal,-1,-0.1092740197799521,anomaly,MODERATE,🟡 SCHEDULE MAINTENANCE: Flag for inspection within 24 hours,2026-06-09 19:23:55
92.97859571914384,1.314349032413272,loose_fastener,-1,-0.048309091012032,anomaly,LOW,"🟢 LOG & MONITOR: Continue monitoring, review in next routine check",2026-06-09 19:23:55
93.35867173434688,1.3570278765946986,loose_fastener,-1,-0.053359242971102,anomaly,MODERATE,🟡 SCHEDULE MAINTENANCE: Flag for inspection within 24 hours,2026-06-09 19:23:55
93.55871174234848,3.2251777558380064,loose_fastener,-1,-0.2171008026324842,anomaly,CRITICAL,"🔴 IMMEDIATE ACTION: Slow down trains, dispatch maintenance crew now",2026-06-09 19:23:55
93.8987797559512,-1.0084515623286865,normal,-1,-0.1155671848941528,anomaly,MODERATE,🟡 SCHEDULE MAINTENANCE: Flag for inspection within 24 hours,2026-06-09 19:23:55
93.97879575915184,1.0280041758468428,loose_fastener,-1,-0.0007644929635732,anomaly,LOW,"🟢 LOG & MONITOR: Continue monitoring, review in next routine check",2026-06-09 19:23:55
94.33886777355472,1.1922892428936511,loose_fastener,-1,-0.0212164815227996,anomaly,LOW,"🟢 LOG & MONITOR: Continue monitoring, review in next routine check",2026-06-09 19:23:55
94.35887177435488,1.249504501631792,loose_fastener,-1,-0.0319651932212413,anomaly,LOW,"🟢 LOG & MONITOR: Continue monitoring, review in next routine check",2026-06-09 19:23:55
94.55891178235647,3.322505117689752,loose_fastener,-1,-0.2204370775006827,anomaly,CRITICAL,"🔴 IMMEDIATE ACTION: Slow down trains, dispatch maintenance crew now",2026-06-09 19:23:55
94.97899579915985,1.3527560885980274,loose_fastener,-1,-0.0515851142062322,anomaly,MODERATE,🟡 SCHEDULE MAINTENANCE: Flag for inspection within 24 hours,2026-06-09 19:23:55
95.33906781356272,1.3737161537068887,loose_fastener,-1,-0.0524715784131369,anomaly,MODERATE,🟡 SCHEDULE MAINTENANCE: Flag for inspection within 24 hours,2026-06-09 19:23:55
95.55911182236449,3.2205027800237698,loose_fastener,-1,-0.2171008026324842,anomaly,CRITICAL,"🔴 IMMEDIATE ACTION: Slow down trains, dispatch maintenance crew now",2026-06-09 19:23:55
95.97919583916784,1.3150597673611664,loose_fastener,-1,-0.048309091012032,anomaly,LOW,"🟢 LOG & MONITOR: Continue monitoring, review in next routine check",2026-06-09 19:23:55
96.33926785357072,1.4062386405870004,loose_fastener,-1,-0.0606369880166233,anomaly,MODERATE,🟡 SCHEDULE MAINTENANCE: Flag for inspection within 24 hours,2026-06-09 19:23:55
96.35927185437087,1.4164294482629871,loose_fastener,-1,-0.066416047404328,anomaly,MODERATE,🟡 SCHEDULE MAINTENANCE: Flag for inspection within 24 hours,2026-06-09 19:23:55
96.55931186237248,3.178652299957129,loose_fastener,-1,-0.2171008026324842,anomaly,CRITICAL,"🔴 IMMEDIATE ACTION: Slow down trains, dispatch maintenance crew now",2026-06-09 19:23:55
96.87937587517504,-0.8462150297370267,normal,-1,-0.0416308301459364,anomaly,LOW,"🟢 LOG & MONITOR: Continue monitoring, review in next routine check",2026-06-09 19:23:55
96.97939587917584,1.2607393112916083,loose_fastener,-1,-0.034548379216224,anomaly,LOW,"🟢 LOG & MONITOR: Continue monitoring, review in next routine check",2026-06-09 19:23:55
97.15943188637728,4.734659557704952,crack,-1,-0.224346554535945,anomaly,CRITICAL,"🔴 IMMEDIATE ACTION: Slow down trains, dispatch maintenance crew now",2026-06-09 19:23:55
97.35947189437888,1.0602809927996784,loose_fastener,-1,-0.0003919833144299,anomaly,LOW,"🟢 LOG & MONITOR: Continue monitoring, review in next routine check",2026-06-09 19:23:55
97.55951190238048,3.2633645570778214,loose_fastener,-1,-0.2171008026324842,anomaly,CRITICAL,"🔴 IMMEDIATE ACTION: Slow down trains, dispatch maintenance crew now",2026-06-09 19:23:55
97.97959591918384,1.7230383971255874,loose_fastener,-1,-0.0945452000321049,anomaly,MODERATE,🟡 SCHEDULE MAINTENANCE: Flag for inspection within 24 hours,2026-06-09 19:23:55
98.33966793358672,1.236780346491693,loose_fastener,-1,-0.0323949963205612,anomaly,LOW,"🟢 LOG & MONITOR: Continue monitoring, review in next routine check",2026-06-09 19:23:55
98.35967193438688,1.03443576078436,loose_fastener,-1,-0.0035820739016139,anomaly,LOW,"🟢 LOG & MONITOR: Continue monitoring, review in next routine check",2026-06-09 19:23:55
98.55971194238847,3.116628361703964,loose_fastener,-1,-0.2171008026324842,anomaly,CRITICAL,"🔴 IMMEDIATE ACTION: Slow down trains, dispatch maintenance crew now",2026-06-09 19:23:55
98.77975595119024,1.4873083357020864,loose_fastener,-1,-0.0753090953501162,anomaly,MODERATE,🟡 SCHEDULE MAINTENANCE: Flag for inspection within 24 hours,2026-06-09 19:23:55
98.97979595919185,1.0651001536078637,loose_fastener,-1,-0.0032665401552802,anomaly,LOW,"🟢 LOG & MONITOR: Continue monitoring, review in next routine check",2026-06-09 19:23:55
99.55991198239649,3.169432046670071,loose_fastener,-1,-0.2171008026324842,anomaly,CRITICAL,"🔴 IMMEDIATE ACTION: Slow down trains, dispatch maintenance crew now",2026-06-09 19:23:55
99.77995599119824,1.6584871847888754,loose_fastener,-1,-0.0912490222667695,anomaly,MODERATE,🟡 SCHEDULE MAINTENANCE: Flag for inspection within 24 hours,2026-06-09 19:23:55
99.97999599919984,1.7228856383609443,loose_fastener,-1,-0.0945452000321049,anomaly,MODERATE,🟡 SCHEDULE MAINTENANCE: Flag for inspection within 24 hours,2026-06-09 19:23:55
